{
    "micro_IoU": 0.8902181909751196,
    "micro_Precision": 0.9419210916765929,
    "micro_Recall": 0.9419210916765929,
    "micro_F1-score": 0.9419210916765929,
    "MACRO_IoU": 0.5090991348091265,
    "MACRO_Precision": 0.6736034334181314,
    "MACRO_Recall": 0.5824386719613981,
    "MACRO_F1-score": 0.6140933960101941,
    "Accuracy": 0.9419210916765929
}